instructor_id,name,plan_focus,sessions_hosted,avg_penjelasan,avg_penguasaan,avg_kualitas,avg_interaktivitas,highlights,action_items,branch
INS-01,Nadia Pratama,Premium,8,4.70,4.28,4.27,3.93,Mampu menjaga tempo dan memberi contoh mudah dipahami.,Tambah sesi belajar mandiri untuk peserta yang lambat. ,Bandung
INS-02,Rio Mahendra,Elite,10,4.62,5.16,4.74,4.60,Pendampingan intens dan cepat merespons debugging prompt.,Rencanakan dokumentasi best practice untuk dibagikan tiap akhir sesi. ,Bandung
INS-03,Maya Lestari,Hybrid,7,4.52,4.08,3.89,3.82,Ahli menjembatani kebutuhan product dan konten.,Perbanyak ice breaker agar kelas malam lebih aktif. ,Bandung
INS-04,Davin Surya,Premium,6,3.82,4.27,4.11,3.82,Materi terstruktur rapi dan banyak hands-on.,Perlu peningkatan koordinasi dengan co-host untuk sesi Q&A. ,Bandung
