branch,instructor_id,name,plan_focus,overall_score,avg_penjelasan,avg_penguasaan,avg_kualitas,avg_interaktivitas,highlights
Surakarta,INS-02,Rio Mahendra,Elite,4.79,5.15,5.33,4.52,4.16,Pendampingan intens dan cepat merespons debugging prompt.
Makassar,INS-01,Nadia Pratama,Premium,4.73,4.81,4.73,4.68,4.70,Mampu menjaga tempo dan memberi contoh mudah dipahami.
Medan,INS-02,Rio Mahendra,Elite,4.93,4.75,5.27,5.06,4.63,Pendampingan intens dan cepat merespons debugging prompt.
Jakarta,INS-02,Rio Mahendra,Elite,4.77,4.64,5.29,5.00,4.15,Pendampingan intens dan cepat merespons debugging prompt.
Bandung,INS-02,Rio Mahendra,Elite,4.78,4.62,5.16,4.74,4.60,Pendampingan intens dan cepat merespons debugging prompt.
