instructor_id,name,plan_focus,sessions_hosted,avg_penjelasan,avg_penguasaan,avg_kualitas,avg_interaktivitas,highlights,action_items,branch
INS-01,Nadia Pratama,Premium,8,4.28,4.45,4.75,3.94,Mampu menjaga tempo dan memberi contoh mudah dipahami.,Tambah sesi belajar mandiri untuk peserta yang lambat. ,Medan
INS-02,Rio Mahendra,Elite,10,4.75,5.27,5.06,4.63,Pendampingan intens dan cepat merespons debugging prompt.,Rencanakan dokumentasi best practice untuk dibagikan tiap akhir sesi. ,Medan
INS-03,Maya Lestari,Hybrid,7,4.27,4.38,4.12,3.91,Ahli menjembatani kebutuhan product dan konten.,Perbanyak ice breaker agar kelas malam lebih aktif. ,Medan
INS-04,Davin Surya,Premium,6,4.12,4.06,4.13,3.66,Materi terstruktur rapi dan banyak hands-on.,Perlu peningkatan koordinasi dengan co-host untuk sesi Q&A. ,Medan
