instructor_id,name,plan_focus,sessions_hosted,avg_penjelasan,avg_penguasaan,avg_kualitas,avg_interaktivitas,highlights,action_items,branch
INS-01,Nadia Pratama,Premium,8,4.81,4.73,4.68,4.70,Mampu menjaga tempo dan memberi contoh mudah dipahami.,Tambah sesi belajar mandiri untuk peserta yang lambat. ,Makassar
INS-02,Rio Mahendra,Elite,10,4.35,4.83,4.49,4.27,Pendampingan intens dan cepat merespons debugging prompt.,Rencanakan dokumentasi best practice untuk dibagikan tiap akhir sesi. ,Makassar
INS-03,Maya Lestari,Hybrid,7,3.84,4.22,4.23,3.96,Ahli menjembatani kebutuhan product dan konten.,Perbanyak ice breaker agar kelas malam lebih aktif. ,Makassar
INS-04,Davin Surya,Premium,6,3.81,4.13,4.51,4.25,Materi terstruktur rapi dan banyak hands-on.,Perlu peningkatan koordinasi dengan co-host untuk sesi Q&A. ,Makassar
