week_start,plan,cohort,responses,avg_sentiment,confidence_gain_pct,completed_assignment_pct,highlight_quote,blocker_summary,follow_up_interest_pct,branch
2024-11-01,Premium,Cohort Alpha,52,0.73,55.36,86.41,"Instrukturnya bikin prompt terasa simpel, langsung bisa dipakai.",Koneksi beberapa peserta drop pas sesi malam.,47.46,Makassar
2024-11-01,Elite,Cohort Alpha,23,0.72,75.66,84.45,Mentor bantu debugging use case sampai beres.,Jadwal konsultasi bentrok jam kantor.,70.24,Makassar
2024-11-08,Premium,Cohort Bravo,47,0.85,60.13,81.06,Breakout room bikin kami kompak nyusun SOP prompt.,Contoh industri non-edtech masih kurang.,50.75,Makassar
2024-11-08,Elite,Cohort Bravo,27,0.79,71.79,86.72,Toolkit evaluasi prompt sangat membantu tim QA.,Perlu template otomatisasi tambahan.,61.26,Makassar
2024-11-15,Premium,Cohort Charlie,51,0.73,46.76,88.81,Mini project bikin kami kebayang workflow harian.,Pace terasa cepat di sesi malam.,47.33,Makassar
2024-11-15,Elite,Cohort Charlie,27,0.85,67.03,100.00,Pendampingan mentor tiap kelompok bikin pede.,Minta ringkasan harian untuk catatan tim.,62.52,Makassar
2024-11-22,Premium,Cohort Delta,59,0.74,58.09,96.61,"Materi mudah diakses, langsung bisa dibagi ke divisi lain.",Latihan multi-turn masih minim.,49.70,Makassar
2024-11-22,Elite,Cohort Delta,36,0.77,74.81,86.09,Review output per sesi bantu refine deliverable.,Perlu opsi jadwal demo tools alternatif.,77.47,Makassar
